--
-- Database: `monster_hunter_db`
--

-- --------------------------------------------------------

--
-- Table structure for table `Element`
--

DROP TABLE IF EXISTS `Element`;
CREATE TABLE `Element` (
  `Element_ID` int(11) NOT NULL AUTO_INCREMENT,
  `Name` varchar(50) NOT NULL,
  `Icon` varchar(255) DEFAULT NULL,
  PRIMARY KEY (`Element_ID`),
  UNIQUE KEY `Name` (`Name`)
) ENGINE=InnoDB DEFAULT CHARSET=utf8mb4 COLLATE=utf8mb4_unicode_ci;

INSERT INTO `Element` (`Element_ID`, `Name`, `Icon`) VALUES
(1, 'Fire', 'Fire.png'),
(2, 'Water', 'Water.png'),
(3, 'Thunder', 'Thunder.png'),
(4, 'Ice', 'Ice.png'),
(5, 'Dragon', 'Dragon.png'),
(6, 'Poison', 'Poison.png'),
(7, 'Sleep', 'Sleep.png'),
(8, 'Paralysis', 'Paralysis.png'),
(9, 'Blast', 'Blast.png'),
(10, 'Stun', 'Stun.png');

-- --------------------------------------------------------

--
-- Table structure for table `Habitat`
--

DROP TABLE IF EXISTS `Habitat`;
CREATE TABLE `Habitat` (
  `Habitat_ID` int(11) NOT NULL AUTO_INCREMENT,
  `Name` varchar(100) NOT NULL,
  `Description` text DEFAULT NULL,
  `Icon` varchar(255) DEFAULT NULL,
  PRIMARY KEY (`Habitat_ID`),
  UNIQUE KEY `Name` (`Name`)
) ENGINE=InnoDB DEFAULT CHARSET=utf8mb4 COLLATE=utf8mb4_unicode_ci;

INSERT INTO `Habitat` (`Habitat_ID`, `Name`, `Description`, `Icon`) VALUES
(1, 'Ancient Forest', 'A vast, complex forest ecosystem with a giant tree at its center.', 'loc_ancient_forest.png'),
(2, 'Wildspire Waste', 'A mix of arid desert and swampy marshlands, home to diverse life.', 'loc_wildspire_waste.png'),
(3, 'Coral Highlands', 'A mysterious mountaintop that resembles an underwater reef, but on land.', 'loc_coral_highlands.png'),
(4, 'Rotten Vale', 'A graveyard for monsters where decomposition creates a toxic, effluvial environment.', 'loc_rotten_vale.png'),
(5, 'Elders Recess', 'A volcanic region filled with crystallized energy, attracting Elder Dragons.', 'loc_elders_recess.png'),
(6, 'Hoarfrost Reach', 'A frozen continent of eternal snow and ice.', 'loc_hoarfrost_reach.png'),
(7, 'Guiding Lands', 'A mysterious island amalgamating features of all other ecosystems.', 'loc_guiding_lands.png'),
(8, 'Shrine Ruins', 'A desolate mountain shrine reclaimed by nature.', 'loc_shrine_ruins.png'),
(9, 'Frost Islands', 'A gigantic dragon skeleton lies in the center of this frozen archipelago.', 'loc_frost_islands.png'),
(10, 'Sandy Plains', 'A desolate wasteland with searing days and freezing nights.', 'loc_sandy_plains.png'),
(11, 'Flooded Forest', 'A dense jungle submerged in water, filled with ancient ruins.', 'loc_flooded_forest.png'),
(12, 'Lava Caverns', 'A volcanic network of caves flowing with magma and water.', 'loc_lava_caverns.png'),
(13, 'Jungle', 'A classic seaside jungle with dense vegetation and underground caves.', 'loc_jungle.png'),
(14, 'Citadel', 'An abandoned fortress surrounded by frozen peaks and toxic forests.', 'loc_citadel.png');

-- --------------------------------------------------------

--
-- Table structure for table `Species`
--

DROP TABLE IF EXISTS `Species`;
CREATE TABLE `Species` (
  `Species_ID` int(11) NOT NULL AUTO_INCREMENT,
  `Name` varchar(100) NOT NULL,
  `Description` text DEFAULT NULL,
  PRIMARY KEY (`Species_ID`),
  UNIQUE KEY `Name` (`Name`)
) ENGINE=InnoDB DEFAULT CHARSET=utf8mb4 COLLATE=utf8mb4_unicode_ci;

INSERT INTO `Species` (`Species_ID`, `Name`, `Description`) VALUES
(1, 'Fanged Wyvern', 'Quadrupedal wyverns with heavy builds and developed limbs, often resembling wolves or lizards.'),
(2, 'Flying Wyvern', 'The most common classification, typically possessing wings and strong legs.'),
(3, 'Brute Wyvern', 'Bipedal wyverns adapted for land, known for brute strength and heavy plating.'),
(4, 'Bird Wyvern', 'Smaller, often feathered wyverns that mimic avian characteristics.'),
(5, 'Piscine Wyvern', 'Fish-like wyverns adapted for swimming in water, mud, or even lava.'),
(6, 'Leviathan', 'Large marine reptiles that dominate aquatic environments.'),
(7, 'Fanged Beast', 'Mammalian monsters that lack wings, ranging from bear-like to primate-like creatures.'),
(8, 'Amphibian', 'Frog-like monsters capable of extreme physical shifts, often using rocks or ice.'),
(9, 'Temnoceran', 'Arachnid-like monsters capable of spinning webs or using claws to mimic other species.'),
(10, 'Snake Wyvern', 'Serpentine monsters that use their long bodies to strike or coil around prey.'),
(11, 'Carapaceon', 'Crustacean-like monsters with hard shells, often using monster skulls for protection.'),
(12, 'Elder Dragon', 'Creatures that defy standard classification and possess power capable of altering ecosystems.'),
(13, 'Relict', 'Ancient creatures from other worlds or times (e.g., Leshen).'),
(14, 'Neopteron', 'Insect-like monsters that often swarm or use fluids to attack.');

-- --------------------------------------------------------

--
-- Table structure for table `Monster`
--

DROP TABLE IF EXISTS `Monster`;
CREATE TABLE `Monster` (
  `Monster_ID` int(11) NOT NULL AUTO_INCREMENT,
  `Name` varchar(100) NOT NULL,
  `Title` varchar(100) DEFAULT NULL,
  `Description` text DEFAULT NULL,
  `min_Size` decimal(10,2) DEFAULT NULL,
  `max_Size` decimal(10,2) DEFAULT NULL,
  `Hunter_Rank` int(11) NOT NULL,
  `Species_ID` int(11) DEFAULT NULL,
  `Habitat_ID` int(11) DEFAULT NULL,
  `Quest_Star_Rank` varchar(20) GENERATED ALWAYS AS (case when `Hunter_Rank` between 1 and 5 then concat('LR ',`Hunter_Rank`,'★') when `Hunter_Rank` between 6 and 9 then concat('HR ',`Hunter_Rank`,'★') when `Hunter_Rank` >= 10 then concat('MR ',`Hunter_Rank` - 9,'★') else 'Unknown' end) VIRTUAL,
  `Icon` varchar(255) DEFAULT NULL,
  PRIMARY KEY (`Monster_ID`),
  UNIQUE KEY `Name` (`Name`),
  KEY `Species_ID` (`Species_ID`),
  KEY `Habitat_ID` (`Habitat_ID`),
 FOREIGN KEY (`Species_ID`) REFERENCES `Species` (`Species_ID`),
 FOREIGN KEY (`Habitat_ID`) REFERENCES `Habitat` (`Habitat_ID`)
) ENGINE=InnoDB DEFAULT CHARSET=utf8mb4 COLLATE=utf8mb4_unicode_ci;

INSERT INTO `Monster` (`Monster_ID`, `Name`, `Title`, `Description`, `min_Size`, `max_Size`, `Hunter_Rank`, `Species_ID`, `Habitat_ID`, `Icon`) VALUES
(1, 'Crimson Glow Valstrax', 'Silver Winged Star', 'A variant of the Valstrax Elder Dragon that has been driven mad by its own overflowing dragon energy. It dashes through the heavens like a crimson comet, indiscriminately hunting down anything in its sight. Its unstable energy causes it to constantly glow red, and it is known to unleash a devastating ambush from the stratosphere that can level entire ecosystems.', 1836.88, 2551.22, 18, 12, 8, 'valstrax.png'),
(2, 'Great Jagras', 'The Glutton', 'The alpha leader of the Jagras pack. It is famous for its distensible jaw and massive stomach, allowing it to swallow prey like Kestodon whole. When gorged, its belly drags on the ground, making it sluggish but adding immense weight to its rolling attacks. It regurgitates food to feed its smaller kin.', 1100.00, 1300.00, 2, 1, 1, 'great_jagras.png'),
(3, 'Kulu-Ya-Ku', 'Scratching Bird', 'A peculiar Bird Wyvern with developed forelimbs capable of grasping objects. It is known to dig up rocks to use as shields or blunt weapons against predators. Its favorite meal is monster eggs, which it steals with surprising dexterity and cracks open using stone tools.', 850.00, 1000.00, 2, 4, 1, 'kulu_ya_ku.png'),
(4, 'Pukei-Pukei', 'Poison Bird', 'A Bird Wyvern known for the toxic venom it stores in its throat and tail. It consumes various flora like Scatteranuts, storing them in its mouth to mix with poison before spitting the volatile mixture at threats. When enraged, its tongue lolls out, and its feathers flush with color.', 1050.00, 1250.00, 3, 4, 1, 'pukei_pukei.png'),
(5, 'Barroth', 'Landslide Wyvern', 'A Brute Wyvern that thrives in the harsh desert heat. It wallows in mud to cool off and protect its carapace from parasites. This hardened mud serves as armor that must be broken off. It possesses a uniquely shaped crown used for plowing through terrain and smashing rivals.', 1300.00, 1700.00, 3, 3, 2, 'barroth.png'),
(6, 'Jyuratodus', 'Mud Fish', 'A Piscine Wyvern that dominates the muddy swamps of the Wildspire Waste. Unlike other aquatic monsters, it thrives in thick muck, using it to coat its body and trap prey. It is fiercely territorial and engages in turf wars with Barroth over the best mud baths.', 1400.00, 1600.00, 4, 5, 2, 'jyuratodus.png'),
(7, 'Tobi-Kadachi', 'Thunder Squirrel', 'A Fanged Wyvern that dwells in the forest canopy. By brushing its fur against bark and the ground, it builds up static electricity, which it stores in its electrodes. When fully charged, its fur stands on end and it enters a glowing, electrified state, unleashing lightning-fast strikes.', 1100.00, 1400.00, 4, 1, 1, 'tobi_kadachi.png'),
(8, 'Anjanath', 'Fierce Jaw', 'A belligerent Brute Wyvern that aggressively patrols the Ancient Forest. It possesses a specialized organ in its throat that allows it to breathe streams of fire. When provoked, it extends a sail-like fin from its back and flares its nasal bone, signaling an imminent fiery outburst.', 1500.00, 2000.00, 5, 3, 1, 'anjanath.png'),
(9, 'Rathalos', 'King of the Skies', 'The undisputed apex predator of the Ancient Forest. A Flying Wyvern that descends from the heavens to strike with poison-tipped talons and devastating fireballs. Its mastery of flight allows it to patrol vast territories, marking its domain with scorched earth.', 1600.00, 2200.00, 6, 2, 1, 'rathalos.png'),
(10, 'Diablos', 'Horned Tyrant', 'The apex monster of the Wildspire Waste. Despite being a herbivore that feeds on cacti, it is exceptionally aggressive towards any intruder. It uses its massive, twisted horns to gore enemies and can burrow underground to ambush prey from below with tremors.', 1900.00, 2400.00, 6, 2, 2, 'diablos.png'),
(11, 'Paolumu', 'Floating Wyvern', 'A Flying Wyvern from the Coral Highlands that feeds on eggs and coral polyps. It possesses a unique neck pouch that inflates with air, allowing it to float like a balloon. It uses this buoyancy to maneuver in the air and unleash compressed blasts of wind.', 1000.00, 1300.00, 4, 2, 3, 'paolumu.png'),
(12, 'Legiana', 'Apex of the Coral', 'The elegant apex predator of the Coral Highlands. Its sleek, leather-like hide and specialized wing membrane allow it to emit chilling winds, freezing prey in its tracks. It is known for its graceful, acrobatic flight and piercing screech.', 1500.00, 1800.00, 6, 2, 3, 'legiana.png'),
(13, 'Odogaron', 'Ebony Dog', 'A terrifying Fanged Wyvern that prowls the Rotten Vale. Its metabolism is incredibly high, forcing it to constantly hunt and scavenge for carrion. Its double row of claws causes severe bleeding wounds, and it is known to drag prey back to its lair to consume later.', 1300.00, 1600.00, 7, 1, 4, 'odogaron.png'),
(14, 'Dodogama', 'Rock Eater', 'A Fanged Wyvern that feeds on the volatile rocks of the Elders Recess. Its saliva reacts with the minerals in the stone, creating explosive compounds that it spits at threats. Despite its massive jaw and destructive power, it is generally docile unless provoked.', 1100.00, 1400.00, 6, 1, 5, 'dodogama.png'),
(15, 'Nergigante', 'Extinction Dragon', 'An Elder Dragon that feeds on other Elder Dragons. It possesses a unique regenerative ability where it grows white spikes that harden into black, indestructible armor over time. It fights with reckless abandon, often-damaging its own body to destroy its enemies.', 1800.00, 2300.00, 9, 12, 5, 'nergigante.png'),
(16, 'Banbaro', 'Horn Wyvern', 'A brute wyvern with massive antlers that it uses to gore enemies. It charges through the snow, picking up trees and boulders to hurl at hunters. Despite its size, it is surprisingly agile and will travel across ecosystems.', 1900.00, 2600.00, 10, 3, 6, 'banbaro.png'),
(17, 'Beotodus', 'Snow Fish Wyvern', 'A piscine wyvern that swims freely through the deep snow of the Hoarfrost Reach. It uses its sharp horn to cut through frozen terrain and ambush prey from below. It wraps its body in snow armor to protect itself.', 1400.00, 1900.00, 10, 5, 6, 'beotodus.png'),
(18, 'Barioth', 'Tusk Wyvern', 'The ruler of the frozen tundra. This flying wyvern uses its spikes and tail to grip the ice, allowing it to move with terrifying speed. Its massive tusks can crush armor, and it unleashes powerful ice tornados.', 1800.00, 2300.00, 11, 2, 6, 'barioth.png'),
(19, 'Nargacuga', 'Swift Wyvern', 'A flying wyvern that has evolved to live in thick forests. It stalks prey from the shadows before striking with lightning speed. Its tail is covered in razor-sharp spikes that it can launch at enemies.', 1700.00, 2200.00, 11, 2, 1, 'nargacuga.png'),
(20, 'Tigrex', 'Roaring Wyvern', 'A flying wyvern known for its deafening roar and brute strength. It charges recklessly at foes, using its massive claws and jaws to tear through anything in its path. It is a primal force of nature.', 1700.00, 2400.00, 11, 2, 2, 'tigrex.png'),
(21, 'Glavenus', 'Cutting Wyvern', 'A brute wyvern that wields its tail like a great sword. It sharpens its tail with its fangs, heating it up to deliver searing slash attacks. It is one of the Fated Four.', 2200.00, 2800.00, 11, 3, 2, 'glavenus.png'),
(22, 'Brachydios', 'Crushing Wyvern', 'A brute wyvern that covers its fists and horn in a unique explosive slime. This slime detonates on impact or over time, allowing Brachydios to create minefields and deliver explosive punches.', 1500.00, 2000.00, 12, 3, 5, 'brachydios.png'),
(23, 'Zinogre', 'Thunder Wolf Wyvern', 'A fanged wyvern that gathers Thunderbugs to charge its body with electricity. When fully charged, it enters a super-state where its speed and power increase dramatically. It is extremely acrobatic.', 1400.00, 1900.00, 12, 1, 1, 'zinogre.png'),
(24, 'Rajang', 'Gold Lion', 'An ultra-aggressive fanged beast that hunts Kirin for their thunder horns. When enraged, its fur turns gold and it gains the ability to harden its arms. It is widely considered one of the most dangerous non-elder dragons.', 1000.00, 1400.00, 15, 7, 7, 'rajang.png'),
(25, 'Kushala Daora', 'Steel Dragon', 'An elder dragon shielded by powerful winds. Its metallic skin reflects light, and it can summon storms to keep enemies at bay. It sheds its rusted skin to maintain its steel-like armor.', 1800.00, 2400.00, 14, 12, 5, 'kushala_daora.png'),
(26, 'Teostra', 'Flame King Dragon', 'A male elder dragon clad in flames. It scatters explosive powder from its wings, which it ignites with its teeth to create massive explosions. It rules over volcanic environments.', 1700.00, 2200.00, 14, 12, 5, 'teostra.png'),
(27, 'Lunastra', 'Flame Queen Dragon', 'The female counterpart to Teostra. Her blue flames burn hotter than normal fire and cannot be extinguished easily. She fights with a calculated fury, often teaming up with her mate.', 1700.00, 2200.00, 14, 12, 5, 'lunastra.png'),
(28, 'Vaal Hazak', 'Corpse Coat Dragon', 'An elder dragon that inhabits the Rotten Vale. It covers itself in decaying flesh to cultivate deadly effluvium bacteria, which it uses to drain the life force of other creatures.', 1900.00, 2500.00, 14, 12, 4, 'vaal_hazak.png'),
(29, 'Kirin', 'Phantom Beast', 'An elder dragon resembling a unicorn. It summons lightning from the sky and moves faster than the eye can see. Its hide is incredibly tough, deflecting most attacks.', 500.00, 700.00, 13, 12, 3, 'kirin.png'),
(30, 'Xeno\'jiiva', 'Dark Light Dragon', 'A mysterious elder dragon born from the energy of the New World. It is translucent and glows with pure bio-energy. It is the larval form of a catastrophic being.', 4000.00, 4500.00, 16, 12, 5, 'xeno_jiiva.png'),
(31, 'Kulve Taroth', 'Golden Goddess', 'An elder dragon with a magnificent coat of gold. It hoards weapons and armor from fallen hunters, melting them down to add to its golden mantle. It resides deep within the Caverns of El Dorado.', 4500.00, 5000.00, 16, 12, 5, 'kulve_taroth.png'),
(32, 'Velkhana', 'Iceborne Wyvern', 'An elder dragon with the power to freeze all in its path. It controls the battlefield with walls of ice and breathes a liquid that freezes instantly upon contact. It is the flagship of the Hoarfrost Reach.', 2000.00, 2600.00, 15, 12, 6, 'velkhana.png'),
(33, 'Namielle', 'Abyssal Dragon', 'An elder dragon that controls water and electricity. Its wings glow with bioluminescent patterns, mesmerizing prey before it unleashes a high-voltage steam explosion.', 2000.00, 2500.00, 15, 12, 3, 'namielle.png'),
(34, 'Blackveil Vaal Hazak', 'Death Stench Dragon', 'A variant of Vaal Hazak infested with spores. It spreads effluvium over a much wider area and does not require the Rotten Vale to survive.', 1900.00, 2500.00, 15, 12, 1, 'blackveil_vaal_hazak.png'),
(35, 'Ruiner Nergigante', 'Devourer of Elders', 'A battle-hardened Nergigante with metallic spikes. It has survived countless battles and grown stronger, capable of launching spikes that cause bleeding.', 1800.00, 2300.00, 16, 12, 7, 'ruiner_nergigante.png'),
(36, 'Shara Ishvalda', 'Old Everwyrm', 'An elder dragon that manipulates the earth with vibrations. It covers itself in rock armor, appearing like a moving mountain before revealing its true, terrifying form.', 2500.00, 3000.00, 16, 12, 7, 'shara_ishvalda.png'),
(37, 'Safi\'jiiva', 'Red Dragon', 'The mature form of Xeno\'jiiva. It has absorbed enough energy to molt into a perfect red dragon. It can drain the energy of the land itself to heal its wounds.', 4500.00, 5000.00, 17, 12, 7, 'safi_jiiva.png'),
(38, 'Alatreon', 'Blazing Black Dragon', 'A legendary elder dragon known as a living natural disaster. It can control Fire, Ice, Thunder, Water, and Dragon elements, shifting its active state to destroy foes.', 2800.00, 3200.00, 18, 12, 7, 'alatreon.png'),
(39, 'Fatalis', 'The Black Dragon', 'A legendary dragon said to have destroyed a kingdom in a single night. Its fire is hot enough to melt steel instantly. It is the top of the food chain.', 4000.00, 4200.00, 19, 12, 7, 'fatalis.png');

-- --------------------------------------------------------

--
-- Table structure for table `Hunters`
--

DROP TABLE IF EXISTS `Hunters`;
CREATE TABLE `Hunters` (
  `Hunter_ID` int(11) NOT NULL AUTO_INCREMENT,
  `username` varchar(50) NOT NULL,
  `password` varchar(255) NOT NULL,
  `rank` varchar(20) DEFAULT 'Novice',
  `created_at` timestamp NOT NULL DEFAULT current_timestamp(),
  `favorite_game` varchar(50) DEFAULT 'Monster Hunter',
  `favorite_monster_id` int(11) DEFAULT NULL,
  `profile_picture` varchar(255) DEFAULT 'default_hunter.png',
  `rank_type` varchar(5) DEFAULT NULL,
  `rank_level` int(11) DEFAULT 1,
  `palico_name` varchar(50) DEFAULT 'Palico',
  `hunter_screenshot` varchar(255) DEFAULT NULL,
  `favorite_weapon` varchar(50) DEFAULT 'Great Sword',
  PRIMARY KEY (`Hunter_ID`),
  UNIQUE KEY `username` (`username`),
  KEY `fk_fav_monster` (`favorite_monster_id`),
  CONSTRAINT `fk_fav_monster` FOREIGN KEY (`favorite_monster_id`) REFERENCES `Monster` (`Monster_ID`)
) ENGINE=InnoDB DEFAULT CHARSET=utf8mb4 COLLATE=utf8mb4_unicode_ci;

INSERT INTO `Hunters` (`Hunter_ID`, `username`, `password`, `rank`, `created_at`, `favorite_game`, `favorite_monster_id`, `profile_picture`, `rank_type`, `rank_level`, `palico_name`, `hunter_screenshot`, `favorite_weapon`) VALUES
(1, 'Zentai', '$2y$10$mO0YCXsasNgyThpaQXpXKeGtnkzZeNWcNfPv0bpk/rzCSRuayCX/a', 'Novice', '2025-12-24 17:26:36', 'Monster Hunter', NULL, 'default_hunter.png', NULL, 1, 'Palico', NULL, 'Great Sword'),
(2, 'Zentai_Kun', '$2y$10$uW8PO43MewwBExQdQvW2He.QgSd9a0Bj7xLTG/hwGHacZpS0BzVLi', 'Novice', '2025-12-24 17:28:20', 'Monster Hunter', NULL, 'default_hunter.png', NULL, 1, 'Palico', NULL, 'Great Sword'),
(3, 'ZentaiZeppeli', '$2y$10$jcAiviF8SOh/pvnTZ9ueDeKx4Ri0zOmjFZp4DrrcLCaLbsVw0DuwG', 'Hunter Rank 74', '2025-12-24 17:46:39', 'MH World: Iceborne', 9, 'default_hunter.png', NULL, 1, 'Palico', NULL, 'Great Sword'),
(4, 'ZentaiKennedy', '$2y$10$YRvHJkpDdJZghyTj34mR.e7JNfIvK.ZC0u8a6bsNnzj8XRqiqXVyO', 'Novice', '2025-12-24 17:56:28', 'MH World: Iceborne', 9, 'hunter_4_1766600386.png', 'MR', 54, 'Miso', 'shot_4_1766600386.png', 'Dual Blades');

-- --------------------------------------------------------

--
-- Table structure for table `Weapon_Type`
--

DROP TABLE IF EXISTS `Weapon_Type`;
CREATE TABLE `Weapon_Type` (
  `Weapon_Type_ID` int(11) NOT NULL AUTO_INCREMENT,
  `Name` varchar(50) NOT NULL,
  `Icon` varchar(255) DEFAULT NULL,
  PRIMARY KEY (`Weapon_Type_ID`),
  UNIQUE KEY `Name` (`Name`)
) ENGINE=InnoDB DEFAULT CHARSET=utf8mb4 COLLATE=utf8mb4_unicode_ci;

INSERT INTO `Weapon_Type` (`Weapon_Type_ID`, `Name`, `Icon`) VALUES
(1,'Great Sword','wep_gs.png'),
(2,'Long Sword','wep_ls.png'),
(3,'Sword and Shield','wep_sns.png'),
(4,'Dual Blades','wep_db.png'),
(5,'Lance','wep_lance.png'),
(6,'Gunlance','wep_gl.png'),
(7,'Hammer','wep_hammer.png'),
(8,'Hunting Horn','wep_hh.png'),
(9,'Switch Axe','wep_sa.png'),
(10,'Charge Blade','wep_cb.png'),
(11,'Insect Glaive','wep_ig.png'),
(12,'Light Bowgun','wep_lbg.png'),
(13,'Heavy Bowgun','wep_hbg.png'),
(14,'Bow','wep_bow.png');

-- --------------------------------------------------------

--
-- Table structure for table `Weapon`
--

DROP TABLE IF EXISTS `Weapon`;
CREATE TABLE `Weapon` (
  `Weapon_ID` int(11) NOT NULL AUTO_INCREMENT,
  `Name` varchar(100) NOT NULL,
  `Weapon_Type_ID` int(11) DEFAULT NULL,
  `Attack_Power` int(11) NOT NULL,
  `Element_ID` int(11) DEFAULT NULL,
  `Element_Value` int(11) DEFAULT 0,
  `Affinity` int(11) DEFAULT 0,
  `Rarity` int(11) DEFAULT 1,
  `Monster_ID` int(11) DEFAULT NULL,
  `Defense` int(11) DEFAULT 0,
  PRIMARY KEY (`Weapon_ID`),
  KEY `Weapon_Type_ID` (`Weapon_Type_ID`),
  KEY `Element_ID` (`Element_ID`),
  CONSTRAINT `weapon_ibfk_1` FOREIGN KEY (`Weapon_Type_ID`) REFERENCES `Weapon_Type` (`Weapon_Type_ID`),
  CONSTRAINT `weapon_ibfk_2` FOREIGN KEY (`Element_ID`) REFERENCES `Element` (`Element_ID`),
  CONSTRAINT `fk_weapon_monster` FOREIGN KEY (`Monster_ID`) REFERENCES `Monster` (`Monster_ID`)
) ENGINE=InnoDB DEFAULT CHARSET=utf8mb4 COLLATE=utf8mb4_unicode_ci;

INSERT INTO `Weapon` (`Weapon_ID`, `Name`, `Weapon_Type_ID`, `Attack_Power`, `Element_ID`, `Element_Value`, `Affinity`, `Rarity`, `Monster_ID`, `Defense`) VALUES
(1, 'Reddnaught Giantwing', 1, 340, 5, 52, 0, 10, 1, 10),
(2, 'Reddnaught Blade', 2, 330, 5, 48, 0, 10, 1, 0),
(3, 'Reddnaught Splendor', 4, 320, 5, 55, 0, 10, 1, 0),
(4, 'Reddnaught Hammer', 7, 350, 5, 45, 0, 10, 1, 0),
(5, 'Reddnaught Thundrbow', 14, 300, 5, 38, 0, 10, 1, 0);

-- --------------------------------------------------------

--
-- Table structure for table `Item`
--

DROP TABLE IF EXISTS `Item`;
CREATE TABLE `Item` (
  `Item_ID` int(11) NOT NULL AUTO_INCREMENT,
  `Name` varchar(100) NOT NULL,
  `Rarity` int(11) NOT NULL DEFAULT 1,
  `Rank_Tier` varchar(20) GENERATED ALWAYS AS (case when `Rarity` between 1 and 4 then 'Low Rank' when `Rarity` between 5 and 9 then 'High Rank' when `Rarity` >= 10 then 'Master Rank' else 'Unknown' end) VIRTUAL,
  `Rank_Color` varchar(20) GENERATED ALWAYS AS (case when `Rarity` between 1 and 4 then 'blue' when `Rarity` between 5 and 9 then 'orange' when `Rarity` >= 10 then 'gold' else 'gray' end) VIRTUAL,
  PRIMARY KEY (`Item_ID`),
  UNIQUE KEY `Name` (`Name`)
) ENGINE=InnoDB DEFAULT CHARSET=utf8mb4 COLLATE=utf8mb4_unicode_ci;

INSERT INTO `Item` (`Item_ID`, `Name`, `Rarity`) VALUES
(1, 'Gleaming Shell', 6),
(2, 'Shimmering Scale', 6),
(3, 'Valstrax Claw+', 6),
(4, 'Valstrax Spineshell', 6),
(5, 'Valstrax Tail', 6),
(6, 'Crimson Liquid', 6),
(7, 'Rouge Spikewing', 6),
(8, 'Red Dragon Orb', 7),
(9, 'Glittering Shell', 10),
(10, 'Shimmering Shard', 10),
(11, 'Valstrax Talon', 10),
(12, 'Valstrax Spineshell+', 10),
(13, 'Valstrax Helixtail', 10),
(14, 'Seething Crimson Liquid', 10),
(15, 'Rouge Lancewing+', 11),
(16, 'Red Dragonsphire', 12),
(17, 'Great Jagras Scale+', 6),
(18, 'Great Jagras Hide+', 6),
(19, 'Great Jagras Claw+', 6),
(20, 'Great Jagras Mane', 6),
(21, 'Great Jagras Shard', 9),
(22, 'Great Jagras Thickhide', 9),
(23, 'Great Jagras Hardclaw', 9),
(24, 'Great Jagras Mane+', 9),
(25, 'Kulu-Ya-Ku Scale+', 6),
(26, 'Kulu-Ya-Ku Hide+', 6),
(27, 'Kulu-Ya-Ku Beak+', 6),
(28, 'Kulu-Ya-Ku Plume+', 6),
(29, 'Kulu-Ya-Ku Shard', 9),
(30, 'Kulu-Ya-Ku Thickhide', 9),
(31, 'Kulu-Ya-Ku Hardbeak', 9),
(32, 'Kulu-Ya-Ku Large Plume', 9),
(33, 'Pukei-Pukei Scale+', 6),
(34, 'Pukei-Pukei Carapace', 6),
(35, 'Pukei-Pukei Sac+', 6),
(36, 'Pukei-Pukei Quill', 6),
(37, 'Pukei-Pukei Tail', 6),
(38, 'Pukei-Pukei Cortex', 9),
(39, 'Pukei-Pukei Fellwing', 9),
(40, 'Pukei-Pukei Lash', 9),
(41, 'Pukei-Pukei Shard', 9),
(42, 'Large Toxin Sac', 9),
(43, 'Barroth Carapace', 6),
(44, 'Barroth Ridge+', 6),
(45, 'Barroth Claw+', 6),
(46, 'Barroth Scalp', 6),
(47, 'Barroth Tail', 6),
(48, 'Wyvern Gem', 7),
(49, 'Barroth Cortex', 9),
(50, 'Barroth Chine', 9),
(51, 'Barroth Hardclaw', 9),
(52, 'Barroth Crown', 9),
(53, 'Barroth Lash', 9),
(54, 'Jyuratodus Scale+', 6),
(55, 'Jyuratodus Carapace', 6),
(56, 'Jyuratodus Fang+', 6),
(57, 'Jyuratodus Fin+', 6),
(58, 'Jyuratodus Cortex', 9),
(59, 'Jyuratodus Hardfang', 9),
(60, 'Jyuratodus Grandfin', 9),
(61, 'Jyuratodus Shard', 9),
(62, 'Tobi-Kadachi Scale+', 6),
(63, 'Tobi-Kadachi Pelt+', 6),
(64, 'Tobi-Kadachi Electrode+', 6),
(65, 'Tobi-Kadachi Membrane', 6),
(66, 'Tobi-Kadachi Claw+', 6),
(67, 'Tobi-Kadachi Shard', 9),
(68, 'Tobi-Kadachi Thickfur', 9),
(69, 'Tobi-Kadachi Hardclaw', 9),
(70, 'Tobi-Kadachi Membrane+', 9),
(71, 'Tobi-Kadachi Cathode', 9),
(72, 'Anjanath Scale+', 6),
(73, 'Anjanath Pelt+', 6),
(74, 'Anjanath Fang+', 6),
(75, 'Anjanath Nosebone+', 6),
(76, 'Anjanath Tail', 6),
(77, 'Anjanath Plate', 5),
(78, 'Anjanath Gem', 7),
(79, 'Inferno Sac', 6),
(80, 'Anjanath Shard', 9),
(81, 'Anjanath Fur', 9),
(82, 'Anjanath Hardfang', 9),
(83, 'Heavy Anjanath Nosebone', 9),
(84, 'Anjanath Lash', 9),
(85, 'Anjanath Mantle', 11),
(86, 'Conflagrant Sac', 9),
(87, 'Rathalos Scale+', 6),
(88, 'Rathalos Carapace', 6),
(89, 'Rathalos Wing', 6),
(90, 'Rathalos Webbing', 6),
(91, 'Rathalos Tail', 6),
(92, 'Rathalos Marrow', 6),
(93, 'Rathalos Medulla', 6),
(94, 'Rathalos Plate', 5),
(95, 'Rathalos Ruby', 7),
(96, 'Rath Wingtalon+', 6),
(97, 'Rathalos Shard', 9),
(98, 'Rathalos Cortex', 9),
(99, 'Rathalos Fellwing', 9),
(100, 'Rathalos Lash', 9),
(101, 'Rathalos Mantle', 11),
(102, 'Rath Wingripper', 9),
(103, 'Diablos Ridge+', 6),
(104, 'Diablos Carapace', 6),
(105, 'Diablos Fang', 6),
(106, 'Diablos Tailcase', 6),
(107, 'Diablos Marrow', 6),
(108, 'Blos Medulla', 7),
(109, 'Twisted Horn', 6),
(110, 'Majestic Horn', 7),
(111, 'Dash Extract', 4),
(112, 'Diablos Cortex', 9),
(113, 'Diablos Chine', 9),
(114, 'Diablos Hardfang', 9),
(115, 'Twisted Stouthorn', 9),
(116, 'Diablos Lash', 9),
(117, 'Paolumu Scale+', 6),
(118, 'Paolumu Carapace', 6),
(119, 'Paolumu Webbing', 6),
(120, 'Paolumu Pelt+', 6),
(121, 'Paolumu Wing', 6),
(122, 'Paolumu Shard', 9),
(123, 'Paolumu Cortex', 9),
(124, 'Paolumu Thickfur', 9),
(125, 'Paolumu Fellwing', 9),
(126, 'Legiana Scale+', 6),
(127, 'Legiana Hide+', 6),
(128, 'Legiana Claw+', 6),
(129, 'Legiana Webbing', 6),
(130, 'Legiana Tail Webbing', 6),
(131, 'Legiana Plate', 5),
(132, 'Legiana Gem', 7),
(133, 'Freezer Sac', 6),
(134, 'Legiana Shard', 10),
(135, 'Legiana Thickhide', 10),
(136, 'Legiana Hardclaw', 10),
(137, 'Legiana Mantle', 11),
(138, 'Cryo Sac', 9),
(139, 'Odogaron Scale+', 6),
(140, 'Odogaron Sinew+', 6),
(141, 'Odogaron Claw+', 6),
(142, 'Odogaron Tail', 6),
(143, 'Odogaron Fang+', 6),
(144, 'Odogaron Plate', 5),
(145, 'Odogaron Gem', 7),
(146, 'Odogaron Shard', 10),
(147, 'Odogaron Cortex', 10),
(148, 'Odogaron Hardclaw', 10),
(149, 'Odogaron Hardfang', 10),
(150, 'Odogaron Lash', 10),
(151, 'Odogaron Mantle', 11),
(152, 'Dodogama Hide+', 6),
(153, 'Dodogama Jaw', 6),
(154, 'Dodogama Tail', 6),
(155, 'Dodogama Talon', 6),
(156, 'Dodogama Thickhide', 9),
(157, 'Dodogama Hardclaw', 9),
(158, 'Dodogama Lash', 9),
(159, 'Dodogama Mandible', 9),
(160, 'Immortal Dragonscale', 7),
(161, 'Nergigante Carapace', 7),
(162, 'Nergigante Talon', 7),
(163, 'Nergigante Tail', 7),
(164, 'Nergigante Horn+', 7),
(165, 'Nergigante Regrowth Plate', 7),
(166, 'Nergigante Gem', 8),
(167, 'Banbaro Cortex', 10),
(168, 'Banbaro Chine', 10),
(169, 'Banbaro Great Horn', 10),
(170, 'Banbaro Lash', 10),
(171, 'Beotodus Shard', 10),
(172, 'Beotodus Cortex', 10),
(173, 'Beotodus Hardhorn', 10),
(174, 'Beotodus Grandfin', 10),
(175, 'Barioth Cortex', 10),
(176, 'Barioth Thickfur', 10),
(177, 'Barioth Hardclaw', 10),
(178, 'Barioth Greatspike', 10),
(179, 'Barioth Lash', 10),
(180, 'Nargacuga Shard', 10),
(181, 'Nargacuga Blackfur+', 10),
(182, 'Nargacuga Hardfang', 10),
(183, 'Nargacuga Cutwing+', 10),
(184, 'Nargacuga Lash', 10),
(185, 'Nargacuga Tailspear', 10),
(186, 'Nargacuga Mantle', 11),
(187, 'Tigrex Shard', 10),
(188, 'Tigrex Cortex', 10),
(189, 'Tigrex Hardclaw', 10),
(190, 'Tigrex Hardfang', 10),
(191, 'Tigrex Lash', 10),
(192, 'Tigrex Maw', 10),
(193, 'Tigrex Mantle', 11),
(194, 'Glavenus Shard', 10),
(195, 'Glavenus Cortex', 10),
(196, 'Glavenus Hardfang', 10),
(197, 'Glavenus Pyroshell', 10),
(198, 'Glavenus Tailedge', 10),
(199, 'Glavenus Mantle', 11),
(200, 'Brachydios Cortex', 10),
(201, 'Brachydios Ebonshell+', 10),
(202, 'Brachydios Pounder+', 10),
(203, 'Brachydios Lash', 10),
(204, 'Brachydios Crown', 10),
(205, 'Brachydios Pallium', 11),
(206, 'Zinogre Cortex', 10),
(207, 'Zinogre Hardclaw', 10),
(208, 'Zinogre Deathly Shocker', 10),
(209, 'Zinogre Hardhorn', 10),
(210, 'Zinogre Lash', 10),
(211, 'Zinogre Skymerald', 11),
(212, 'Rajang Hardfang', 11),
(213, 'Rajang Wildpelt', 11),
(214, 'Rajang Hardclaw', 11),
(215, 'Rajang Tail', 11),
(216, 'Gold Rajang Pelt', 11),
(217, 'Rajang Heart', 12),
(218, 'Daora Dragon Scale+', 7),
(219, 'Daora Carapace', 7),
(220, 'Daora Claw+', 7),
(221, 'Daora Horn+', 7),
(222, 'Daora Webbing', 7),
(223, 'Daora Tail', 7),
(224, 'Daora Gem', 8),
(225, 'Daora Cortex', 11),
(226, 'Daora Shard', 11),
(227, 'Daora Hardclaw', 11),
(228, 'Daora Hardhorn', 11),
(229, 'Daora Fellwing', 11),
(230, 'Daora Lash', 11),
(231, 'Large Elder Dragon Gem', 12),
(232, 'Teostra Carapace', 7),
(233, 'Fire Dragon Scale+', 7),
(234, 'Teostra Mane', 7),
(235, 'Teostra Claw+', 7),
(236, 'Teostra Horn+', 7),
(237, 'Teostra Webbing', 7),
(238, 'Teostra Tail', 7),
(239, 'Teostra Powder', 7),
(240, 'Teostra Gem', 8),
(241, 'Teostra Cortex', 11),
(242, 'Hellfire Shard', 11),
(243, 'Teostra Mane+', 11),
(244, 'Teostra Hardclaw', 11),
(245, 'Teostra Hardhorn', 11),
(246, 'Teostra Fellwing', 11),
(247, 'Teostra Lash', 11),
(248, 'Lunastra Carapace', 7),
(249, 'Lunastra Scale+', 7),
(250, 'Lunastra Mane', 7),
(251, 'Lunastra Wing', 7),
(252, 'Lunastra Horn', 7),
(253, 'Lunastra Tail', 7),
(254, 'Lunastra Gem', 8),
(255, 'Lunastra Cortex', 11),
(256, 'Lunastra Shard', 11),
(257, 'Lunastra Mane+', 11),
(258, 'Lunastra Hardhorn', 11),
(259, 'Lunastra Fellwing', 11),
(260, 'Lunastra Lash', 11),
(261, 'Vaal Hazak Carapace', 7),
(262, 'Vaal Hazak Fang+', 7),
(263, 'Vaal Hazak Gem', 8),
(264, 'Vaal Hazak Talon', 7),
(265, 'Vaal Hazak Membrane', 7),
(266, 'Vaal Hazak Tail', 7),
(267, 'Vaal Hazak Wing', 7),
(268, 'Vaal Hazak Cortex', 11),
(269, 'Vaal Hazak Hardfang', 11),
(270, 'Vaal Hazak Fellwing', 11),
(271, 'Kirin Hide+', 7),
(272, 'Kirin Azure Horn', 7),
(273, 'Kirin Thundertail', 7),
(274, 'Kirin Mane', 7),
(275, 'Kirin Fine Hide', 11),
(276, 'Kirin Silver Mane', 11),
(277, 'Kirin Azure Horn+', 11),
(278, 'Namielle Cortex', 11),
(279, 'Namielle Hardclaw', 11),
(280, 'Namielle Fellwing', 11),
(281, 'Namielle Whisker', 11),
(282, 'Namielle Lash', 11),
(283, 'Abyssal LED', 12),
(284, 'Velkhana Cortex', 11),
(285, 'Velkhana Hardclaw', 11),
(286, 'Velkhana Crownhorn', 11),
(287, 'Velkhana Fellwing', 11),
(288, 'Velkhana Lash', 11),
(289, 'Velkhana Crystal', 12),
(290, 'Deathweaver Cortex', 11),
(291, 'Blackveil Fellwing', 11),
(292, 'Deathweaver Limb', 11),
(293, 'Deathweaver Membrane', 11),
(294, 'Kulve Taroth Golden Scale', 8),
(295, 'Golden Spiral Horn', 8),
(296, 'Glimstone', 8),
(297, 'Kulve Taroth Golden Shell', 8),
(298, 'Kulve Taroth Golden Nugget', 8),
(299, 'Golden Dragonsphire', 12),
(300, 'Immortal Shard', 11),
(301, 'Nergigante Cortex', 11),
(302, 'Nergigante Hardclaw', 11),
(303, 'Nergigante Lash', 11),
(304, 'Annihilating Greathorn', 12),
(305, 'Eternal Regrowth Plate', 12),
(306, 'Shara Ishvalda Tenderplate', 12),
(307, 'Shara Ishvalda Petalstone', 12),
(308, 'Shara Ishvalda Tenderclaw', 12),
(309, 'Shara Ishvalda Gem', 12),
(310, 'Safi\'jiiva Cortex', 12),
(311, 'Safi\'jiiva Hardhorn', 12),
(312, 'Safi\'jiiva Fellwing', 12),
(313, 'Safi\'jiiva Lash', 12),
(314, 'Safi\'jiiva Shard', 12),
(315, 'Zionium Crystal', 12),
(316, 'Alatreon Cortex', 12),
(317, 'Alatreon Riptalon', 12),
(318, 'Alatreon Direwing', 12),
(319, 'Alatreon Diretail', 12),
(320, 'Skyswayer', 12),
(321, 'Azure Dragonsphire', 12),
(322, 'Fatalis Cortex', 12),
(323, 'Fatalis Pectus', 12),
(324, 'Fatalis Hardhorn', 12),
(325, 'Fatalis Shard', 12),
(326, 'Fatalis Evil Eye', 12);

-- --------------------------------------------------------

--
-- Table structure for table `Drops`
--

DROP TABLE IF EXISTS `Drops`;
CREATE TABLE `Drops` (
  `Drop_ID` int(11) NOT NULL AUTO_INCREMENT,
  `Monster_ID` int(11) DEFAULT NULL,
  `Item_ID` int(11) DEFAULT NULL,
  `Drop_Rate` decimal(5,2) DEFAULT NULL,
  PRIMARY KEY (`Drop_ID`),
  UNIQUE KEY `unique_monster_item` (`Monster_ID`,`Item_ID`),
  KEY `Monster_ID` (`Monster_ID`),
  KEY `Item_ID` (`Item_ID`),
 FOREIGN KEY (`Monster_ID`) REFERENCES `Monster` (`Monster_ID`),
 FOREIGN KEY (`Item_ID`) REFERENCES `Item` (`Item_ID`)
) ENGINE=InnoDB DEFAULT CHARSET=utf8mb4 COLLATE=utf8mb4_unicode_ci;

INSERT INTO `Drops` (`Drop_ID`, `Monster_ID`, `Item_ID`, `Drop_Rate`) VALUES
(1, 1, 1, 0.24),
(2, 1, 2, 0.26),
(3, 1, 3, 0.20),
(4, 1, 4, 0.13),
(5, 1, 8, 0.03),
(6, 1, 9, 0.14),
(7, 1, 10, 0.24),
(8, 1, 11, 0.19),
(9, 1, 12, 0.13),
(10, 1, 16, 0.02),
(11, 2, 17, 0.35),
(12, 2, 18, 0.25),
(13, 2, 20, 0.20),
(14, 2, 19, 0.15),
(15, 2, 21, 0.32),
(16, 2, 22, 0.24),
(17, 2, 24, 0.18),
(18, 2, 23, 0.15),
(19, 3, 25, 0.32),
(20, 3, 26, 0.24),
(21, 3, 28, 0.18),
(22, 3, 27, 0.12),
(23, 3, 29, 0.30),
(24, 3, 30, 0.22),
(25, 3, 32, 0.15),
(26, 3, 31, 0.12),
(27, 4, 33, 0.30),
(28, 4, 34, 0.22),
(29, 4, 36, 0.15),
(30, 4, 37, 0.12),
(31, 4, 35, 0.10),
(32, 4, 38, 0.28),
(33, 4, 41, 0.20),
(34, 4, 39, 0.18),
(35, 4, 40, 0.12),
(36, 4, 42, 0.08),
(37, 5, 43, 0.28),
(38, 5, 46, 0.20),
(39, 5, 44, 0.18),
(40, 5, 47, 0.12),
(41, 5, 45, 0.15),
(42, 5, 48, 0.05),
(43, 5, 49, 0.28),
(44, 5, 50, 0.20),
(45, 5, 51, 0.15),
(46, 5, 52, 0.10),
(47, 5, 53, 0.12),
(48, 6, 54, 0.30),
(49, 6, 55, 0.22),
(50, 6, 57, 0.18),
(51, 6, 56, 0.15),
(52, 6, 48, 0.05),
(53, 6, 58, 0.28),
(54, 6, 61, 0.20),
(55, 6, 59, 0.15),
(56, 6, 60, 0.15),
(57, 7, 62, 0.28),
(58, 7, 63, 0.18),
(59, 7, 66, 0.15),
(60, 7, 65, 0.12),
(61, 7, 64, 0.10),
(62, 7, 67, 0.28),
(63, 7, 68, 0.20),
(64, 7, 69, 0.15),
(65, 7, 70, 0.12),
(66, 7, 71, 0.10),
(67, 8, 72, 0.28),
(68, 8, 73, 0.18),
(69, 8, 74, 0.15),
(70, 8, 75, 0.12),
(71, 8, 76, 0.10),
(72, 8, 77, 0.05),
(73, 8, 78, 0.03),
(74, 8, 79, 0.15),
(75, 8, 80, 0.28),
(76, 8, 81, 0.20),
(77, 8, 82, 0.15),
(78, 8, 83, 0.12),
(79, 8, 84, 0.10),
(80, 8, 85, 0.03),
(81, 8, 86, 0.15),
(82, 9, 87, 0.25),
(83, 9, 88, 0.20),
(84, 9, 89, 0.15),
(85, 9, 90, 0.12),
(86, 9, 91, 0.10),
(87, 9, 92, 0.08),
(88, 9, 94, 0.05),
(89, 9, 95, 0.02),
(90, 9, 79, 0.15),
(91, 9, 97, 0.28),
(92, 9, 98, 0.20),
(93, 9, 99, 0.15),
(94, 9, 100, 0.12),
(95, 9, 101, 0.03),
(96, 9, 86, 0.15),
(97, 10, 103, 0.25),
(98, 10, 104, 0.20),
(99, 10, 105, 0.15),
(100, 10, 106, 0.12),
(101, 10, 108, 0.10),
(102, 10, 109, 0.08),
(103, 10, 110, 0.05),
(104, 10, 48, 0.03),
(105, 10, 112, 0.28),
(106, 10, 113, 0.20),
(107, 10, 114, 0.15),
(108, 10, 116, 0.12),
(109, 10, 115, 0.08),
(110, 11, 117, 0.28),
(111, 11, 118, 0.20),
(112, 11, 120, 0.18),
(113, 11, 121, 0.15),
(114, 11, 119, 0.12),
(115, 11, 122, 0.28),
(116, 11, 123, 0.20),
(117, 11, 124, 0.18),
(118, 11, 125, 0.15),
(119, 12, 126, 0.28),
(120, 12, 127, 0.18),
(121, 12, 128, 0.15),
(122, 12, 129, 0.12),
(123, 12, 130, 0.10),
(124, 12, 131, 0.05),
(125, 12, 132, 0.03),
(126, 12, 133, 0.15),
(127, 12, 134, 0.28),
(128, 12, 135, 0.20),
(129, 12, 136, 0.15),
(130, 12, 137, 0.03),
(131, 12, 138, 0.15),
(132, 13, 139, 0.30),
(133, 13, 140, 0.20),
(134, 13, 143, 0.15),
(135, 13, 141, 0.12),
(136, 13, 142, 0.10),
(137, 13, 144, 0.05),
(138, 13, 145, 0.03),
(139, 13, 146, 0.28),
(140, 13, 147, 0.20),
(141, 13, 149, 0.15),
(142, 13, 150, 0.12),
(143, 13, 151, 0.03),
(144, 14, 152, 0.28),
(145, 14, 153, 0.20),
(146, 14, 155, 0.15),
(147, 14, 154, 0.10),
(148, 14, 156, 0.28),
(149, 14, 159, 0.20),
(150, 14, 157, 0.15),
(151, 14, 158, 0.10),
(152, 15, 160, 0.28),
(153, 15, 161, 0.20),
(154, 15, 162, 0.15),
(155, 15, 163, 0.12),
(156, 15, 164, 0.10),
(157, 15, 165, 0.08),
(158, 15, 166, 0.03),
(159, 16, 167, 0.32),
(160, 16, 168, 0.22),
(161, 16, 169, 0.15),
(162, 16, 170, 0.12),
(163, 17, 171, 0.30),
(164, 17, 172, 0.25),
(165, 17, 174, 0.18),
(166, 17, 173, 0.15),
(167, 18, 175, 0.28),
(168, 18, 176, 0.20),
(169, 18, 177, 0.15),
(170, 18, 178, 0.12),
(171, 18, 179, 0.10),
(172, 19, 180, 0.28),
(173, 19, 181, 0.20),
(174, 19, 183, 0.15),
(175, 19, 182, 0.12),
(176, 19, 184, 0.10),
(177, 19, 185, 0.08),
(178, 19, 186, 0.03),
(179, 20, 187, 0.28),
(180, 20, 188, 0.20),
(181, 20, 189, 0.15),
(182, 20, 190, 0.12),
(183, 20, 191, 0.10),
(184, 20, 192, 0.08),
(185, 20, 193, 0.03),
(186, 21, 194, 0.28),
(187, 21, 195, 0.20),
(188, 21, 197, 0.15),
(189, 21, 196, 0.12),
(190, 21, 198, 0.10),
(191, 21, 199, 0.03),
(192, 22, 200, 0.28),
(193, 22, 201, 0.20),
(194, 22, 202, 0.15),
(195, 22, 203, 0.12),
(196, 22, 204, 0.08),
(197, 22, 205, 0.03),
(198, 23, 206, 0.28),
(199, 23, 208, 0.20),
(200, 23, 207, 0.15),
(201, 23, 209, 0.12),
(202, 23, 210, 0.10),
(203, 23, 211, 0.03),
(204, 24, 213, 0.28),
(205, 24, 216, 0.20),
(206, 24, 214, 0.15),
(207, 24, 212, 0.12),
(208, 24, 215, 0.10),
(209, 24, 217, 0.05),
(210, 25, 218, 0.30),
(211, 25, 219, 0.22),
(212, 25, 220, 0.15),
(213, 25, 222, 0.12),
(214, 25, 223, 0.10),
(215, 25, 221, 0.08),
(216, 25, 224, 0.03),
(217, 25, 225, 0.28),
(218, 25, 226, 0.20),
(219, 25, 227, 0.15),
(220, 25, 229, 0.15),
(221, 25, 230, 0.10),
(222, 25, 228, 0.08),
(223, 25, 231, 0.03),
(224, 26, 232, 0.28),
(225, 26, 233, 0.20),
(226, 26, 234, 0.15),
(227, 26, 237, 0.12),
(228, 26, 239, 0.10),
(229, 26, 238, 0.10),
(230, 26, 236, 0.08),
(231, 26, 240, 0.03),
(232, 26, 241, 0.28),
(233, 26, 242, 0.20),
(234, 26, 244, 0.15),
(235, 26, 243, 0.15),
(236, 26, 246, 0.12),
(237, 26, 247, 0.10),
(238, 26, 245, 0.08),
(239, 26, 231, 0.03),
(240, 27, 248, 0.28),
(241, 27, 249, 0.20),
(242, 27, 250, 0.15),
(243, 27, 251, 0.12),
(244, 27, 253, 0.10),
(245, 27, 252, 0.08),
(246, 27, 254, 0.03),
(247, 27, 255, 0.28),
(248, 27, 256, 0.20),
(249, 27, 257, 0.15),
(250, 27, 259, 0.12),
(251, 27, 260, 0.10),
(252, 27, 258, 0.08),
(253, 27, 231, 0.03),
(254, 28, 261, 0.25),
(255, 28, 262, 0.15),
(256, 28, 264, 0.15),
(257, 28, 265, 0.12),
(258, 28, 267, 0.10),
(259, 28, 266, 0.08),
(260, 28, 263, 0.03),
(261, 28, 268, 0.28),
(262, 28, 269, 0.20),
(263, 28, 270, 0.18),
(264, 28, 231, 0.03),
(265, 29, 271, 0.28),
(266, 29, 274, 0.20),
(267, 29, 272, 0.15),
(268, 29, 273, 0.10),
(269, 29, 275, 0.28),
(270, 29, 276, 0.20),
(271, 29, 277, 0.15),
(272, 29, 231, 0.03),
(273, 33, 278, 0.28),
(274, 33, 280, 0.18),
(275, 33, 279, 0.15),
(276, 33, 281, 0.12),
(277, 33, 282, 0.10),
(278, 33, 283, 0.02),
(279, 33, 231, 0.03),
(280, 32, 284, 0.30),
(281, 32, 285, 0.15),
(282, 32, 287, 0.18),
(283, 32, 288, 0.12),
(284, 32, 286, 0.10),
(285, 32, 289, 0.02),
(286, 32, 231, 0.03),
(287, 34, 290, 0.30),
(288, 34, 291, 0.20),
(289, 34, 292, 0.18),
(290, 34, 293, 0.15),
(291, 34, 231, 0.03),
(292, 31, 294, 0.35),
(293, 31, 297, 0.25),
(294, 31, 298, 0.20),
(295, 31, 295, 0.15),
(296, 31, 296, 0.05),
(297, 31, 299, 0.03),
(298, 35, 301, 0.28),
(299, 35, 300, 0.20),
(300, 35, 302, 0.15),
(301, 35, 303, 0.12),
(302, 35, 304, 0.10),
(303, 35, 305, 0.05),
(304, 35, 231, 0.03),
(305, 36, 307, 0.25),
(306, 36, 308, 0.15),
(307, 36, 306, 0.10),
(308, 36, 309, 0.03),
(309, 36, 231, 0.03),
(310, 37, 310, 0.28),
(311, 37, 314, 0.20),
(312, 37, 311, 0.15),
(313, 37, 312, 0.12),
(314, 37, 313, 0.10),
(315, 37, 315, 0.05),
(316, 38, 316, 0.28),
(317, 38, 317, 0.15),
(318, 38, 318, 0.15),
(319, 38, 319, 0.10),
(320, 38, 320, 0.10),
(321, 38, 321, 0.05),
(322, 39, 322, 0.28),
(323, 39, 325, 0.20),
(324, 39, 323, 0.15),
(325, 39, 324, 0.12),
(326, 39, 326, 0.07);

-- --------------------------------------------------------

--
-- Table structure for table `Monster_Dmg_Element`
--

DROP TABLE IF EXISTS `Monster_Dmg_Element`;
CREATE TABLE `Monster_Dmg_Element` (
  `Monster_ID` int(11) DEFAULT NULL,
  `Element_ID` int(11) DEFAULT NULL,
  KEY `Monster_ID` (`Monster_ID`),
  KEY `Element_ID` (`Element_ID`),
 FOREIGN KEY (`Monster_ID`) REFERENCES `Monster` (`Monster_ID`),
 FOREIGN KEY (`Element_ID`) REFERENCES `Element` (`Element_ID`)
) ENGINE=InnoDB DEFAULT CHARSET=utf8mb4 COLLATE=utf8mb4_unicode_ci;

INSERT INTO `Monster_Dmg_Element` (`Monster_ID`, `Element_ID`) VALUES
(1, 5),
(4, 6),
(7, 3),
(8, 1),
(9, 1),
(9, 6),
(12, 4),
(14, 9),
(6, 2),
(17, 4),
(18, 4),
(21, 1),
(22, 9),
(23, 3),
(24, 3),
(32, 4),
(33, 2),
(26, 1),
(27, 1),
(29, 3),
(31, 1),
(39, 1);

-- --------------------------------------------------------

--
-- Table structure for table `Monster_Weakness`
--

DROP TABLE IF EXISTS `Monster_Weakness`;
CREATE TABLE `Monster_Weakness` (
  `Monster_ID` int(11) DEFAULT NULL,
  `Element_ID` int(11) DEFAULT NULL,
  KEY `Monster_ID` (`Monster_ID`),
  KEY `Element_ID` (`Element_ID`),
 FOREIGN KEY (`Monster_ID`) REFERENCES `Monster` (`Monster_ID`),
 FOREIGN KEY (`Element_ID`) REFERENCES `Element` (`Element_ID`)
) ENGINE=InnoDB DEFAULT CHARSET=utf8mb4 COLLATE=utf8mb4_unicode_ci;

INSERT INTO `Monster_Weakness` (`Monster_ID`, `Element_ID`) VALUES
(1, 1),
(1, 2),
(1, 4),
(1, 3),
(2, 1),
(3, 2),
(4, 3),
(5, 1),
(5, 2),
(6, 3),
(7, 2),
(8, 2),
(9, 5),
(9, 3),
(10, 4),
(11, 1),
(12, 3),
(13, 4),
(14, 3),
(15, 3),
(16, 5),
(17, 1),
(18, 1),
(19, 3),
(20, 3),
(21, 2),
(22, 4),
(23, 4),
(24, 4),
(25, 3),
(26, 2),
(27, 4),
(28, 1),
(29, 1),
(30, 6),
(31, 3),
(32, 1),
(33, 1),
(34, 1),
(35, 5),
(36, 4),
(37, 5),
(39, 5);

-- --------------------------------------------------------

--
-- Table structure for table `Weapon_Crafting`
--

DROP TABLE IF EXISTS `Weapon_Crafting`;
CREATE TABLE `Weapon_Crafting` (
  `Weapon_ID` int(11) DEFAULT NULL,
  `Item_ID` int(11) DEFAULT NULL,
  `Quantity` int(11) NOT NULL,
  KEY `Weapon_ID` (`Weapon_ID`),
  KEY `Item_ID` (`Item_ID`),
 FOREIGN KEY (`Weapon_ID`) REFERENCES `Weapon` (`Weapon_ID`),
 FOREIGN KEY (`Item_ID`) REFERENCES `Item` (`Item_ID`)
) ENGINE=InnoDB DEFAULT CHARSET=utf8mb4 COLLATE=utf8mb4_unicode_ci;